neo_class,threshold_deg,objects,objects_entering,fraction_entering_percent,PHA_objects,PHA_objects_entering,PHA_fraction_entering_percent
Atira,5.0,38,36,94.73684210526315,8,8,100.0
Atira,10.0,38,38,100.0,8,8,100.0
Atira,20.0,38,38,100.0,8,8,100.0
Atira,30.0,38,38,100.0,8,8,100.0
Atira,45.0,38,38,100.0,8,8,100.0
Aten,5.0,3441,3138,91.19442022667829,199,184,92.46231155778895
Aten,10.0,3441,3236,94.0424295263005,199,194,97.48743718592965
Aten,20.0,3441,3308,96.1348445219413,199,198,99.49748743718592
Aten,30.0,3441,3362,97.7041557686719,199,199,100.0
Aten,45.0,3441,3407,99.01191514094741,199,199,100.0
Apollo,5.0,24014,22024,91.71316731906388,2187,1963,89.75765889346137
Apollo,10.0,24014,23405,97.46397934538186,2187,2126,97.21079103795152
Apollo,20.0,24014,23833,99.24627300741234,2187,2177,99.54275262917238
Apollo,30.0,24014,23932,99.6585325226951,2187,2184,99.86282578875172
Apollo,45.0,24014,23986,99.88340134921296,2187,2184,99.86282578875172
Amor,5.0,14735,13834,93.88530709195793,155,150,96.7741935483871
Amor,10.0,14735,14596,99.05666779776044,155,155,100.0
Amor,20.0,14735,14721,99.90498812351544,155,155,100.0
Amor,30.0,14735,14733,99.98642687478791,155,155,100.0
Amor,45.0,14735,14733,99.98642687478791,155,155,100.0
