neo_class,window_years,threshold_deg,PHA_count,PHA_entering_count,PHA_entering_fraction_percent
Atira,1,5.0,8,4,50.0
Atira,1,10.0,8,6,75.0
Atira,1,20.0,8,7,87.5
Atira,1,30.0,8,8,100.0
Atira,3,5.0,8,8,100.0
Atira,3,10.0,8,8,100.0
Atira,3,20.0,8,8,100.0
Atira,3,30.0,8,8,100.0
Atira,5,5.0,8,8,100.0
Atira,5,10.0,8,8,100.0
Atira,5,20.0,8,8,100.0
Atira,5,30.0,8,8,100.0
Atira,10,5.0,8,8,100.0
Atira,10,10.0,8,8,100.0
Atira,10,20.0,8,8,100.0
Atira,10,30.0,8,8,100.0
Aten,1,5.0,199,87,43.71859296482412
Aten,1,10.0,199,125,62.8140703517588
Aten,1,20.0,199,161,80.90452261306532
Aten,1,30.0,199,183,91.95979899497488
Aten,3,5.0,199,146,73.36683417085426
Aten,3,10.0,199,171,85.92964824120602
Aten,3,20.0,199,189,94.9748743718593
Aten,3,30.0,199,195,97.98994974874373
Aten,5,5.0,199,166,83.41708542713567
Aten,5,10.0,199,184,92.46231155778895
Aten,5,20.0,199,193,96.98492462311557
Aten,5,30.0,199,198,99.49748743718592
Aten,10,5.0,199,184,92.46231155778895
Aten,10,10.0,199,194,97.48743718592965
Aten,10,20.0,199,198,99.49748743718592
Aten,10,30.0,199,199,100.0
Apollo,1,5.0,2187,901,41.19798811156836
Apollo,1,10.0,2187,1317,60.21947873799726
Apollo,1,20.0,2187,1685,77.04618198445358
Apollo,1,30.0,2187,1862,85.13946044810243
Apollo,3,5.0,2187,1531,70.00457247370827
Apollo,3,10.0,2187,1911,87.37997256515774
Apollo,3,20.0,2187,2108,96.38774577046182
Apollo,3,30.0,2187,2157,98.62825788751715
Apollo,5,5.0,2187,1732,79.1952446273434
Apollo,5,10.0,2187,2026,92.63831732967536
Apollo,5,20.0,2187,2150,98.30818472793781
Apollo,5,30.0,2187,2178,99.58847736625515
Apollo,10,5.0,2187,1962,89.7119341563786
Apollo,10,10.0,2187,2125,97.16506630086877
Apollo,10,20.0,2187,2177,99.54275262917238
Apollo,10,30.0,2187,2184,99.86282578875172
Amor,1,5.0,155,65,41.935483870967744
Amor,1,10.0,155,100,64.51612903225806
Amor,1,20.0,155,127,81.93548387096774
Amor,1,30.0,155,133,85.80645161290322
Amor,3,5.0,155,122,78.70967741935485
Amor,3,10.0,155,147,94.83870967741936
Amor,3,20.0,155,154,99.35483870967742
Amor,3,30.0,155,154,99.35483870967742
Amor,5,5.0,155,138,89.03225806451613
Amor,5,10.0,155,153,98.70967741935483
Amor,5,20.0,155,155,100.0
Amor,5,30.0,155,155,100.0
Amor,10,5.0,155,150,96.7741935483871
Amor,10,10.0,155,155,100.0
Amor,10,20.0,155,155,100.0
Amor,10,30.0,155,155,100.0
