neo_class,bin_left_deg,bin_right_deg,bin_center_deg,all_sample_count,all_sample_fraction_percent,PHA_sample_count,PHA_sample_fraction_percent
Atira,0.0,5.0,2.5,4592,3.2801874392822445,1305,4.427931596091205
Atira,5.0,10.0,7.5,11184,7.9890279444539685,2116,7.179695982627579
Atira,10.0,15.0,12.5,13455,9.611263500771473,2236,7.58686210640608
Atira,15.0,20.0,17.5,14140,10.10057717583862,2458,8.340119435396309
Atira,20.0,25.0,22.5,14950,10.679181667523858,3084,10.464169381107492
Atira,25.0,30.0,27.5,14304,10.217726727241557,2984,10.124864277958741
Atira,30.0,35.0,32.5,13132,9.380536030630322,2717,9.218919652551575
Atira,35.0,40.0,37.5,12710,9.079090233727642,2522,8.55727470141151
Atira,40.0,45.0,42.5,11473,8.195468312474999,1945,6.599484256243214
Atira,45.0,50.0,47.5,9604,6.86039202240128,1687,5.724077090119436
Atira,50.0,55.0,52.5,7422,5.301731527515858,1777,6.029451682953312
Atira,55.0,60.0,57.5,5184,3.7030687467855308,1398,4.743485342019544
Atira,60.0,65.0,62.5,3671,2.6222927024401392,1160,3.9359391965255157
Atira,65.0,70.0,67.5,2583,1.8451054345962628,1116,3.7866449511400653
Atira,70.0,75.0,72.5,1273,0.9093376764386536,787,2.6703311617806733
Atira,75.0,80.0,77.5,220,0.15715183724784274,128,0.43431053203040176
Atira,80.0,85.0,82.5,95,0.06786102062975027,52,0.1764386536373507
Atira,85.0,90.0,87.5,0,0.0,0,0.0
Atira,90.0,95.0,92.5,0,0.0,0,0.0
Atira,95.0,100.0,97.5,0,0.0,0,0.0
Atira,100.0,105.0,102.5,0,0.0,0,0.0
Atira,105.0,110.0,107.5,0,0.0,0,0.0
Atira,110.0,115.0,112.5,0,0.0,0,0.0
Atira,115.0,120.0,117.5,0,0.0,0,0.0
Atira,120.0,125.0,122.5,0,0.0,0,0.0
Atira,125.0,130.0,127.5,0,0.0,0,0.0
Atira,130.0,135.0,132.5,0,0.0,0,0.0
Atira,135.0,140.0,137.5,0,0.0,0,0.0
Atira,140.0,145.0,142.5,0,0.0,0,0.0
Atira,145.0,150.0,147.5,0,0.0,0,0.0
Atira,150.0,155.0,152.5,0,0.0,0,0.0
Atira,155.0,160.0,157.5,0,0.0,0,0.0
Atira,160.0,165.0,162.5,0,0.0,0,0.0
Atira,165.0,170.0,167.5,0,0.0,0,0.0
Atira,170.0,175.0,172.5,0,0.0,0,0.0
Atira,175.0,180.0,177.5,0,0.0,0,0.0
Aten,0.0,5.0,2.5,529492,4.176909914011942,23123,3.1540711156215386
Aten,5.0,10.0,7.5,855902,6.75180276420163,46443,6.3350138313718425
Aten,10.0,15.0,12.5,896468,7.071808595397962,55588,7.582428974405142
Aten,15.0,20.0,17.5,893929,7.051779635051674,58340,7.957812951838454
Aten,20.0,25.0,22.5,905783,7.145290188791292,58996,8.047294016226628
Aten,25.0,30.0,27.5,926224,7.306539491051417,57070,7.784579793647936
Aten,30.0,35.0,32.5,935005,7.375808613068254,56785,7.7457046361012445
Aten,35.0,40.0,37.5,924132,7.290036700565229,53650,7.318077903087643
Aten,40.0,45.0,42.5,878454,6.929704738888305,48848,6.663065599441289
Aten,45.0,50.0,47.5,823877,6.499172809459664,43065,5.8742409113973775
Aten,50.0,55.0,52.5,739979,5.837341491959544,38118,5.199450018823761
Aten,55.0,60.0,57.5,650660,5.132746490317153,34729,4.737176654172055
Aten,60.0,65.0,62.5,550009,4.338758744033515,29976,4.088848149542501
Aten,65.0,70.0,67.5,454780,3.5875425704153243,23805,3.247098685610463
Aten,70.0,75.0,72.5,366933,2.894559474889411,19802,2.701073227156412
Aten,75.0,80.0,77.5,293991,2.3191548173160026,16417,2.2393454787509754
Aten,80.0,85.0,82.5,230381,1.8173658580299328,13233,1.8050349467205735
Aten,85.0,90.0,87.5,175658,1.385682204217457,10290,1.4035977935279
Aten,90.0,95.0,92.5,132454,1.0448664488803188,8421,1.1486586024585468
Aten,95.0,100.0,97.5,101220,0.798476315971325,7088,0.9668319883892863
Aten,100.0,105.0,102.5,80213,0.6327621095930437,5783,0.7888246880439111
Aten,105.0,110.0,107.5,64302,0.5072478173245222,4541,0.6194108435772784
Aten,110.0,115.0,112.5,52718,0.4158671648426823,3955,0.5394780634988188
Aten,115.0,120.0,117.5,42675,0.33664272657652927,3142,0.4285815614445736
Aten,120.0,125.0,122.5,34224,0.2699768172080876,2362,0.3221863934220505
Aten,125.0,130.0,127.5,27968,0.2206262162130608,1907,0.2601225454089121
Aten,130.0,135.0,132.5,23084,0.18209866901681548,1656,0.22588512595551044
Aten,135.0,140.0,137.5,19996,0.15773890944638028,1408,0.19205691868681082
Aten,140.0,145.0,142.5,16667,0.13147801579029908,1238,0.1688682282203635
Aten,145.0,150.0,147.5,13352,0.10532756145869522,857,0.116898280763208
Aten,150.0,155.0,152.5,11139,0.08787025966809513,684,0.09330037811205867
Aten,155.0,160.0,157.5,9195,0.07253497061209575,595,0.08116041663256565
Aten,160.0,165.0,162.5,7038,0.05551942611940511,567,0.07734110290868021
Aten,165.0,170.0,167.5,4887,0.03855121276577618,412,0.05619847336574294
Aten,170.0,175.0,172.5,2960,0.02335002860378504,207,0.028235640744438805
Aten,175.0,180.0,177.5,895,0.007060228243374192,15,0.0020460609235100585
Apollo,0.0,5.0,2.5,2496379,2.8218010630244916,177669,2.205175980661564
Apollo,5.0,10.0,7.5,4114771,4.651162816985061,337496,4.188902243888102
Apollo,10.0,15.0,12.5,4352690,4.920096375196264,379537,4.71070291481546
Apollo,15.0,20.0,17.5,4372223,4.942175650884794,387842,4.813782160600568
Apollo,20.0,25.0,22.5,4298270,4.858582312688211,387930,4.814874391019483
Apollo,25.0,30.0,27.5,4245120,4.798503804376871,379852,4.714612603246803
Apollo,30.0,35.0,32.5,4181773,4.72689903925931,373144,4.631354857223143
Apollo,35.0,40.0,37.5,4132825,4.671570293731118,369123,4.581447374104309
Apollo,40.0,45.0,42.5,4079918,4.611766462325135,363933,4.5170306028069325
Apollo,45.0,50.0,47.5,3995282,4.516097513511617,354480,4.399702714738706
Apollo,50.0,55.0,52.5,3888817,4.39575398787913,342952,4.256620529860835
Apollo,55.0,60.0,57.5,3755254,4.2447800310477595,327545,4.0653933245855605
Apollo,60.0,65.0,62.5,3572158,4.037816069471599,312887,3.88346248958037
Apollo,65.0,70.0,67.5,3344172,3.780110353650924,293038,3.6371024715684976
Apollo,70.0,75.0,72.5,3099494,3.503536708183346,272410,3.3810737320073656
Apollo,75.0,80.0,77.5,2832479,3.201714264218113,252604,3.135247417495645
Apollo,80.0,85.0,82.5,2570274,2.9053288404782336,233540,2.8986305912888666
Apollo,85.0,90.0,87.5,2339450,2.6444151696888363,218638,2.713671299213048
Apollo,90.0,95.0,92.5,2143190,2.4225711802027896,205437,2.549824324666485
Apollo,95.0,100.0,97.5,1976520,2.234174473142567,191933,2.3822166022002484
Apollo,100.0,105.0,102.5,1829545,2.068040159707778,181506,2.252799709268121
Apollo,105.0,110.0,107.5,1703048,1.9250533099267917,170897,2.1211238852423286
Apollo,110.0,115.0,112.5,1592467,1.800057232267786,161786,2.0080408017567035
Apollo,115.0,120.0,117.5,1498129,1.693421553677474,152372,1.8911969703514053
Apollo,120.0,125.0,122.5,1410659,1.5945491713257747,144203,1.7898057170318937
Apollo,125.0,130.0,127.5,1331563,1.5051424038113128,136202,1.6904996308757652
Apollo,130.0,135.0,132.5,1261178,1.4255821816571532,129922,1.6125540964350096
Apollo,135.0,140.0,137.5,1190820,1.3460524791591442,123831,1.53695437505306
Apollo,140.0,145.0,142.5,1131199,1.2786594265903701,117959,1.4640728180090923
Apollo,145.0,150.0,147.5,1074213,1.214244866390371,111431,1.3830491796604851
Apollo,150.0,155.0,152.5,1022097,1.155335147873838,106467,1.3214374546662317
Apollo,155.0,160.0,157.5,965253,1.0910810984580384,100987,1.2534212876701583
Apollo,160.0,165.0,162.5,907463,1.0257577307193315,92875,1.1527375017810804
Apollo,165.0,170.0,167.5,825233,0.9328084223761257,82342,1.0220049676625327
Apollo,170.0,175.0,172.5,647775,0.7322174171472722,60430,0.7500395933526857
Apollo,175.0,180.0,177.5,285875,0.3231409889652679,21708,0.2694333856114529
Amor,0.0,5.0,2.5,1226257,2.2589766290974054,12213,2.1388042450352
Amor,5.0,10.0,7.5,2278447,4.197291859403939,23681,4.147140205246751
Amor,10.0,15.0,12.5,2502385,4.609824230975979,24819,4.346432699380057
Amor,15.0,20.0,17.5,2537074,4.673727344505003,27304,4.7816188574831004
Amor,20.0,25.0,22.5,2489007,4.585179650480972,27304,4.7816188574831004
Amor,25.0,30.0,27.5,2413655,4.446368286341361,24853,4.352386956674022
Amor,30.0,35.0,32.5,2350724,4.330438543843884,25392,4.446779447304823
Amor,35.0,40.0,37.5,2307007,4.2499042991510905,25129,4.400721515883857
Amor,40.0,45.0,42.5,2257641,4.15896362336125,23546,4.123498301285419
Amor,45.0,50.0,47.5,2210788,4.072652326460926,22762,3.986200133095163
Amor,50.0,55.0,52.5,2160958,3.9808568827424198,21878,3.831389443452068
Amor,55.0,60.0,57.5,2107288,3.8819874975453055,21616,3.7855066372456307
Amor,60.0,65.0,62.5,2045848,3.7688044338875692,21276,3.7259640643059786
Amor,65.0,70.0,67.5,1983254,3.6534955034417305,21358,3.7403243318973067
Amor,70.0,75.0,72.5,1919304,3.535688587411258,21037,3.684109138033694
Amor,75.0,80.0,77.5,1822665,3.3576629023718705,19825,3.471857378025288
Amor,80.0,85.0,82.5,1738659,3.202909379493749,18652,3.2664355013834894
Amor,85.0,90.0,87.5,1634040,3.010183159819128,16974,2.9725753914048543
Amor,90.0,95.0,92.5,1521314,2.802522449632247,15338,2.686070540436412
Amor,95.0,100.0,97.5,1411980,2.6011103877514703,14119,2.4725929039263073
Amor,100.0,105.0,102.5,1312589,2.4180150446524133,13174,2.307099576196981
Amor,105.0,110.0,107.5,1225955,2.2584202930748694,12442,2.178907919162201
Amor,110.0,115.0,112.5,1148026,2.114861651021098,12007,2.1027284508423523
Amor,115.0,120.0,117.5,1080047,1.9896326229548664,11486,2.0114882140730623
Amor,120.0,125.0,122.5,1018917,1.877020632697747,10607,1.8575531505026093
Amor,125.0,130.0,127.5,962606,1.7732860705618294,10229,1.7913558194108787
Amor,130.0,135.0,132.5,911428,1.6790073786367705,9835,1.722356484886694
Amor,135.0,140.0,137.5,864911,1.5933150516158245,9213,1.6134286014500367
Amor,140.0,145.0,142.5,824100,1.5181341595107485,8761,1.5342720044832054
Amor,145.0,150.0,147.5,780195,1.4372535864330644,8149,1.427095373191832
Amor,150.0,155.0,152.5,728880,1.342722516908378,7973,1.396273335434836
Amor,155.0,160.0,157.5,679488,1.2517339446397762,7580,1.3274491261251795
Amor,160.0,165.0,162.5,632555,1.1652752739586476,6944,1.216069489685125
Amor,165.0,170.0,167.5,567814,1.0460111996704722,6298,1.1029386010997864
Amor,170.0,175.0,172.5,441068,0.81252323439763,5095,0.8922629680221358
Amor,175.0,180.0,177.5,186866,0.3442393615473068,2151,0.37669433645056216
