"full_name","a","e","i","om","w","q","ad","per_y","data_arc","condition_code","n_obs_used","n_del_obs_used","n_dop_obs_used","H","spkid","pha","diameter","albedo","diameter_sigma","epoch","ma","moid"
"163693 Atira (2003 CP20)",0.741,0.3222,25.62,103.87,252.93,0.502,0.98,0.638,8476,0,1080,2,0,16.41,20163693,N,,,,2461200.5,346.32,0.207
"164294 (2004 XZ130)",0.6176,0.4544,2.95,211.13,5.46,0.337,0.90,0.485,3564,1,72,,,20.45,20164294,N,,,,2461200.5,272.86,0.0954
"413563 (2005 TG45)",0.6813,0.3723,23.33,273.41,230.43,0.428,0.93,0.562,7578,0,291,,,17.63,20413563,N,,,,2461200.5,124.57,0.197
"418265 (2008 EA32)",0.6159,0.3050,28.26,100.94,181.87,0.428,0.80,0.483,5816,0,395,,,16.49,20418265,N,,,,2461200.5,140.23,0.18
"434326 (2004 JG6)",0.6352,0.5311,18.94,37.01,353.01,0.298,0.97,0.506,6227,1,142,,,18.48,20434326,Y,,,,2461200.5,64.98,0.039
"481817 (2008 UL90)",0.695,0.3799,24.31,81.12,183.66,0.431,0.96,0.579,5537,0,446,4,3,18.48,20481817,Y,,,,2461200.5,303.05,0.0268
"594913 'Aylo'chaxnim (2020 AV2)",0.5553,0.1773,15.87,6.68,187.40,0.457,0.65,0.414,2157,1,379,,,16.20,20594913,N,,,,2461200.5,61.03,0.347
"613676 (2006 WE4)",0.7847,0.1830,24.77,310.99,318.61,0.641,0.93,0.695,6627,0,72,1,0,18.88,20613676,N,,,,2461200.5,239.57,0.101
"678861 (2017 YH)",0.6346,0.4822,19.85,134.14,147.53,0.329,0.94,0.506,3360,1,296,,,18.14,20678861,N,,,,2461200.5,101.15,0.116
"       (1998 DK36)",0.6923,0.4160,2.02,151.46,180.04,0.404,0.98,0.576,1,9,4,,,25.01,50184495,N,,,,2450868.5,183.25,0.00844
"       (2010 XB11)",0.6181,0.5339,29.88,96.29,202.51,0.288,0.95,0.486,5528,1,66,,,19.69,50553171,N,,,,2461200.5,103.67,0.0924
"       (2012 VE46)",0.713,0.3612,6.67,8.64,190.62,0.455,0.97,0.602,2225,1,77,,,20.20,50617410,Y,,,,2461200.5,43.74,0.0331
"       (2013 JX28)",0.6008,0.5641,10.76,39.92,354.91,0.262,0.94,0.466,5110,1,55,0,1,20.10,50638528,N,,,,2461200.5,200.23,0.0678
"       (2013 TQ5)",0.7737,0.1557,16.40,286.73,247.22,0.653,0.89,0.681,4698,0,56,,,19.87,50648885,N,,,,2461200.5,46.51,0.193
"       (2014 FO47)",0.7522,0.2711,19.20,358.62,347.46,0.548,0.96,0.652,3259,1,50,,,20.21,50666806,Y,,,,2461200.5,91.65,0.0461
"       (2015 DR215)",0.6666,0.4715,4.06,314.56,42.70,0.352,0.98,0.544,2602,0,82,,,20.51,50712698,Y,,,,2461200.5,91.82,0.0445
"       (2017 XA1)",0.8095,0.2016,17.18,239.62,327.61,0.646,0.97,0.728,1084,1,30,,,21.30,50791266,Y,,,,2461200.5,104.37,0.0491
"       (2018 JB3)",0.6832,0.2904,40.39,106.41,355.26,0.485,0.88,0.565,3959,1,132,,,17.68,50824130,N,,,,2461200.5,230.46,0.136
"       (2019 AQ3)",0.5886,0.3144,47.22,64.48,163.17,0.404,0.77,0.452,2996,1,148,,,17.48,50837660,N,,,,2461200.5,32.53,0.227
"       (2019 LF6)",0.5554,0.4293,29.50,179.02,213.79,0.317,0.79,0.414,2585,2,118,,,17.32,50842926,N,,,,2461200.5,185.87,0.26
"       (2020 HA10)",0.8197,0.1552,49.65,103.41,26.71,0.692,0.95,0.742,5338,1,43,,,18.86,54016935,N,,,,2461200.5,201.15,0.0877
"       (2020 OV1)",0.6376,0.2541,32.58,296.01,189.83,0.476,0.80,0.509,1179,3,55,,,18.72,54048903,N,,,,2461200.5,50.01,0.22
"       (2021 BS1)",0.5984,0.3376,31.73,27.67,332.67,0.396,0.80,0.463,1564,2,46,,,18.63,54106533,N,,,,2461200.5,353.20,0.233
"       (2021 LJ4)",0.6764,0.3820,9.82,277.54,56.65,0.418,0.93,0.556,2860,1,26,,,20.11,54158076,N,,,,2461200.5,269.15,0.128
"       (2021 PB2)",0.7175,0.1500,24.83,234.97,278.31,0.610,0.83,0.608,4448,1,52,,,18.80,54178155,N,,,,2461200.5,192.19,0.263
"       (2021 PH27)",0.4618,0.7115,31.94,39.39,8.58,0.133,0.79,0.314,2552,2,114,,,17.67,54186922,N,,,,2461200.5,316.68,0.225
"       (2021 VR3)",0.5339,0.4138,18.07,129.03,134.43,0.313,0.75,0.39,1716,3,55,,,18.01,54216342,N,,,,2461200.5,95.67,0.281
"       (2022 BJ8)",0.7854,0.2486,15.83,95.82,293.95,0.590,0.98,0.696,1537,2,87,,,19.42,54244776,N,,,,2461200.5,207.54,0.153
"       (2023 EL)",0.7714,0.2462,13.88,263.37,142.58,0.582,0.96,0.678,2864,1,68,,,19.17,54346214,N,,,,2461200.5,358.61,0.0956
"       (2023 EY2)",0.6036,0.3399,35.47,95.96,205.86,0.398,0.81,0.469,1013,2,33,,,19.84,54349273,N,,,,2461200.5,157.82,0.206
"       (2023 KQ5)",0.8722,0.0771,67.43,215.67,219.19,0.805,0.94,0.815,3318,0,55,,,18.76,54360731,N,,,,2461200.5,63.20,0.0837
"       (2023 WK3)",0.6442,0.4997,24.47,235.04,11.17,0.322,0.97,0.517,3606,2,48,,,20.46,54408397,Y,,,,2461200.5,154.39,0.0375
"       (2024 UM9)",0.8609,0.0673,21.17,252.67,317.10,0.803,0.92,0.799,1753,1,31,,,20.64,54496620,N,,,,2461200.5,205.55,0.0841
"       (2024 WD19)",0.6795,0.1579,3.79,51.41,263.73,0.572,0.79,0.56,32,7,14,,,21.32,54502658,N,,,,2461200.5,46.69,0.207
"       (2025 GN1)",0.462,0.7051,32.83,41.01,6.11,0.136,0.79,0.314,88,4,31,,,20.06,54526794,N,,,,2461200.5,106.96,0.224
"       (2025 LP)",0.7437,0.1624,33.34,324.21,327.92,0.623,0.86,0.641,198,3,27,,,19.38,54534378,N,,,,2461200.5,128.12,0.145
"       (2025 SC79)",0.4958,0.4499,16.77,151.51,2.90,0.273,0.72,0.349,10,8,19,,,18.83,54553037,N,,,,2460950.5,201.12,0.292
"       (2026 BX4)",0.8741,0.1229,19.98,328.07,341.56,0.767,0.98,0.817,33,4,84,,,20.96,54578434,Y,,,,2461200.5,339.30,0.0133
