name,spkid,a_au,e,i_deg,Omega_deg,omega_deg,q_au,Q_au,period_years,period_days,epoch_jd,M_deg,moid_au,PHA,H,diameter_km,diameter_sigma_km,albedo,data_arc_days,condition_code,n_obs_used,n_delay_obs_used,n_doppler_obs_used
163693 Atira (2003 CP20),20163693,0.741,0.3222,25.62,103.87,252.93,0.502,0.98,0.638,233.0295,2461200.5,346.32,0.207,False,16.41,,,,8476,0,1080,2.0,0.0
164294 (2004 XZ130),20164294,0.6176,0.4544,2.95,211.13,5.46,0.337,0.9,0.485,177.14625,2461200.5,272.86,0.0954,False,20.45,,,,3564,1,72,,
413563 (2005 TG45),20413563,0.6813,0.3723,23.33,273.41,230.43,0.428,0.93,0.562,205.27050000000003,2461200.5,124.57,0.197,False,17.63,,,,7578,0,291,,
418265 (2008 EA32),20418265,0.6159,0.305,28.26,100.94,181.87,0.428,0.8,0.483,176.41575,2461200.5,140.23,0.18,False,16.49,,,,5816,0,395,,
434326 (2004 JG6),20434326,0.6352,0.5311,18.94,37.01,353.01,0.298,0.97,0.506,184.8165,2461200.5,64.98,0.039,True,18.48,,,,6227,1,142,,
481817 (2008 UL90),20481817,0.695,0.3799,24.31,81.12,183.66,0.431,0.96,0.579,211.47975,2461200.5,303.05,0.0268,True,18.48,,,,5537,0,446,4.0,3.0
594913 'Aylo'chaxnim (2020 AV2),20594913,0.5553,0.1773,15.87,6.68,187.4,0.457,0.65,0.414,151.21349999999998,2461200.5,61.03,0.347,False,16.2,,,,2157,1,379,,
613676 (2006 WE4),20613676,0.7847,0.183,24.77,310.99,318.61,0.641,0.93,0.695,253.84875,2461200.5,239.57,0.101,False,18.88,,,,6627,0,72,1.0,0.0
678861 (2017 YH),20678861,0.6346,0.4822,19.85,134.14,147.53,0.329,0.94,0.506,184.8165,2461200.5,101.15,0.116,False,18.14,,,,3360,1,296,,
(1998 DK36),50184495,0.6923,0.416,2.02,151.46,180.04,0.404,0.98,0.576,210.384,2450868.5,183.25,0.00844,False,25.01,,,,1,9,4,,
(2010 XB11),50553171,0.6181,0.5339,29.88,96.29,202.51,0.288,0.95,0.486,177.51149999999998,2461200.5,103.67,0.0924,False,19.69,,,,5528,1,66,,
(2012 VE46),50617410,0.713,0.3612,6.67,8.64,190.62,0.455,0.97,0.602,219.88049999999998,2461200.5,43.74,0.0331,True,20.2,,,,2225,1,77,,
(2013 JX28),50638528,0.6008,0.5641,10.76,39.92,354.91,0.262,0.94,0.466,170.2065,2461200.5,200.23,0.0678,False,20.1,,,,5110,1,55,0.0,1.0
(2013 TQ5),50648885,0.7737,0.1557,16.4,286.73,247.22,0.653,0.89,0.681,248.73525,2461200.5,46.51,0.193,False,19.87,,,,4698,0,56,,
(2014 FO47),50666806,0.7522,0.2711,19.2,358.62,347.46,0.548,0.96,0.652,238.143,2461200.5,91.65,0.0461,True,20.21,,,,3259,1,50,,
(2015 DR215),50712698,0.6666,0.4715,4.06,314.56,42.7,0.352,0.98,0.544,198.69600000000003,2461200.5,91.82,0.0445,True,20.51,,,,2602,0,82,,
(2017 XA1),50791266,0.8095,0.2016,17.18,239.62,327.61,0.646,0.97,0.728,265.902,2461200.5,104.37,0.0491,True,21.3,,,,1084,1,30,,
(2018 JB3),50824130,0.6832,0.2904,40.39,106.41,355.26,0.485,0.88,0.565,206.36624999999998,2461200.5,230.46,0.136,False,17.68,,,,3959,1,132,,
(2019 AQ3),50837660,0.5886,0.3144,47.22,64.48,163.17,0.404,0.77,0.452,165.09300000000002,2461200.5,32.53,0.227,False,17.48,,,,2996,1,148,,
(2019 LF6),50842926,0.5554,0.4293,29.5,179.02,213.79,0.317,0.79,0.414,151.21349999999998,2461200.5,185.87,0.26,False,17.32,,,,2585,2,118,,
(2020 HA10),54016935,0.8197,0.1552,49.65,103.41,26.71,0.692,0.95,0.742,271.0155,2461200.5,201.15,0.0877,False,18.86,,,,5338,1,43,,
(2020 OV1),54048903,0.6376,0.2541,32.58,296.01,189.83,0.476,0.8,0.509,185.91225,2461200.5,50.01,0.22,False,18.72,,,,1179,3,55,,
(2021 BS1),54106533,0.5984,0.3376,31.73,27.67,332.67,0.396,0.8,0.463,169.11075,2461200.5,353.2,0.233,False,18.63,,,,1564,2,46,,
(2021 LJ4),54158076,0.6764,0.382,9.82,277.54,56.65,0.418,0.93,0.556,203.079,2461200.5,269.15,0.128,False,20.11,,,,2860,1,26,,
(2021 PB2),54178155,0.7175,0.15,24.83,234.97,278.31,0.61,0.83,0.608,222.072,2461200.5,192.19,0.263,False,18.8,,,,4448,1,52,,
(2021 PH27),54186922,0.4618,0.7115,31.94,39.39,8.58,0.133,0.79,0.314,114.6885,2461200.5,316.68,0.225,False,17.67,,,,2552,2,114,,
(2021 VR3),54216342,0.5339,0.4138,18.07,129.03,134.43,0.313,0.75,0.39,142.4475,2461200.5,95.67,0.281,False,18.01,,,,1716,3,55,,
(2022 BJ8),54244776,0.7854,0.2486,15.83,95.82,293.95,0.59,0.98,0.696,254.21399999999997,2461200.5,207.54,0.153,False,19.42,,,,1537,2,87,,
(2023 EL),54346214,0.7714,0.2462,13.88,263.37,142.58,0.582,0.96,0.678,247.63950000000003,2461200.5,358.61,0.0956,False,19.17,,,,2864,1,68,,
(2023 EY2),54349273,0.6036,0.3399,35.47,95.96,205.86,0.398,0.81,0.469,171.30225,2461200.5,157.82,0.206,False,19.84,,,,1013,2,33,,
(2023 KQ5),54360731,0.8722,0.0771,67.43,215.67,219.19,0.805,0.94,0.815,297.67875,2461200.5,63.2,0.0837,False,18.76,,,,3318,0,55,,
(2023 WK3),54408397,0.6442,0.4997,24.47,235.04,11.17,0.322,0.97,0.517,188.83425,2461200.5,154.39,0.0375,True,20.46,,,,3606,2,48,,
(2024 UM9),54496620,0.8609,0.0673,21.17,252.67,317.1,0.803,0.92,0.799,291.83475000000004,2461200.5,205.55,0.0841,False,20.64,,,,1753,1,31,,
(2024 WD19),54502658,0.6795,0.1579,3.79,51.41,263.73,0.572,0.79,0.56,204.54000000000002,2461200.5,46.69,0.207,False,21.32,,,,32,7,14,,
(2025 GN1),54526794,0.462,0.7051,32.83,41.01,6.11,0.136,0.79,0.314,114.6885,2461200.5,106.96,0.224,False,20.06,,,,88,4,31,,
(2025 LP),54534378,0.7437,0.1624,33.34,324.21,327.92,0.623,0.86,0.641,234.12525,2461200.5,128.12,0.145,False,19.38,,,,198,3,27,,
(2025 SC79),54553037,0.4958,0.4499,16.77,151.51,2.9,0.273,0.72,0.349,127.47224999999999,2460950.5,201.12,0.292,False,18.83,,,,10,8,19,,
(2026 BX4),54578434,0.8741,0.1229,19.98,328.07,341.56,0.767,0.98,0.817,298.40925,2461200.5,339.3,0.0133,True,20.96,,,,33,4,84,,
